{"max_req": 5, "available": {"stone": 2, "diamond": 1, "glass": 1, "ladder": 2, "brick": 1, "dragon_egg": 6}, "_items": ["stone", "diamond", "glass", "ladder", "brick", "dragon_egg"], "probDist": [["stone", 0.14676969641676263], ["diamond", 0.5432677220674282], ["glass", 0.5857062623334217], ["ladder", 0.6125930869991478], ["brick", 0.629550176654954], ["dragon_egg", 1]]}