{"max_req": 5, "available": {"stone": 2, "diamond": 2, "glass": 2, "ladder": 2, "brick": 2, "dragon_egg": 2}, "_items": ["stone", "diamond", "glass", "ladder", "brick", "dragon_egg"], "probDist": [["stone", 0.05359207925196052], ["diamond", 0.1046262420856976], ["glass", 0.13404529200688664], ["ladder", 0.1997412436710272], ["brick", 0.7430070010380068], ["dragon_egg", 1]]}